Zoekwoord;Instanties;Varianten gevonden;Top-URL's
flower;350;flower;[http://www.orange-flower.nl/contact.html:http://www.orange-flower.nl/voorwaarden.html:http://www.orange-flower.nl/orange-flower-divine.html:http://www.orange-flower.nl/route.html:http://www.orange-flower.nl/schoonheidsbehandelingen.html:http://www.orange-flower.nl/orange-flower-basic:http://www.orange-flower.nl/orange-flower-basic.html:http://www.orange-flower.nl/orange-flower-royal.html:http://www.orange-flower.nl/lichaamsbehandelingen.html:http://www.orange-flower.nl/losse-behandelingen.html]
orange;349;orange;[http://www.orange-flower.nl/contact.html:http://www.orange-flower.nl/voorwaarden.html:http://www.orange-flower.nl/route.html:http://www.orange-flower.nl/schoonheidsbehandelingen.html:http://www.orange-flower.nl/orange-flower-basic:http://www.orange-flower.nl/orange-flower-basic.html:http://www.orange-flower.nl/orange-flower-divine.html:http://www.orange-flower.nl/orange-flower-royal.html:http://www.orange-flower.nl/lichaamsbehandelingen.html:http://www.orange-flower.nl/losse-behandelingen.html]
schoonheidssalon;275;schoonheidssalon;[http://www.orange-flower.nl/voorwaarden.html:http://www.orange-flower.nl/route.html:http://www.orange-flower.nl/contact.html:http://www.orange-flower.nl/:http://www.orange-flower.nl/lichaamsbehandelingen.html:http://www.orange-flower.nl/producten.html:http://www.orange-flower.nl/schoonheidsbehandelingen.html:http://www.orange-flower.nl/orange-flower-royal.html:http://www.orange-flower.nl/pitta.html:http://www.orange-flower.nl/udvartana.html]
zutphen;240;zutphen;[http://www.orange-flower.nl/route.html:http://www.orange-flower.nl/:http://www.orange-flower.nl/contact.html:http://www.orange-flower.nl/voorwaarden.html:http://www.orange-flower.nl/voorstellen.html:http://www.orange-flower.nl/orange-flower-divine.html:http://www.orange-flower.nl/orange-flower-royal.html:http://www.orange-flower.nl/pitta.html:http://www.orange-flower.nl/producten.html:http://www.orange-flower.nl/schoonheidsbehandelingen.html]
lakshmi;223;lakshmi;[http://www.orange-flower.nl/producten.html:http://www.orange-flower.nl/lakshmi-netra.html:http://www.orange-flower.nl/lakshmi-ojas.html:http://www.orange-flower.nl/combinatiebehandelingen-schoonheid:http://www.orange-flower.nl/combinatiebehandelingen-schoonheid.html:http://www.orange-flower.nl/kapha.html:http://www.orange-flower.nl/pitta.html:http://www.orange-flower.nl/vata.html:http://www.orange-flower.nl/losse-behandelingen:http://www.orange-flower.nl/losse-behandelingen.html]
massage;68;massage, massages;[http://www.orange-flower.nl/pdf/lichaamsbehandelingen.pdf:http://www.orange-flower.nl/klassieke-massage.html:http://www.orange-flower.nl/abhyanga-massage.html:http://www.orange-flower.nl/chandan-lichaamsscrub-massage.html:http://www.orange-flower.nl/chandan-rugscrub-massage.html:http://www.orange-flower.nl/ghee-abhyanga.html:http://www.orange-flower.nl/lichaamsbehandelingen.html:http://www.orange-flower.nl/navarakizhi.html:http://www.orange-flower.nl/udvartana.html:http://www.orange-flower.nl/combinatiebehandelingen-lichaam.html]
ayurvedische;56;ayurvedische, ayurveda, ayurvedisch;[http://www.orange-flower.nl/ayurveda.html:http://www.orange-flower.nl/pdf/lichaamsbehandelingen.pdf:http://www.orange-flower.nl/:http://www.orange-flower.nl/basiselementen.html:http://www.orange-flower.nl/producten.html:http://www.orange-flower.nl/ghee-abhyanga.html:http://www.orange-flower.nl/hand-voetverzorging.html:http://www.orange-flower.nl/navarakizhi.html:http://www.orange-flower.nl/orange-flower-basic:http://www.orange-flower.nl/orange-flower-divine.html]
huid;37;huid;[http://www.orange-flower.nl/pitta.html:http://www.orange-flower.nl/chandan-lichaamsscrub-massage.html:http://www.orange-flower.nl/kapha.html:http://www.orange-flower.nl/orange-flower-royal.html:http://www.orange-flower.nl/schoonheidsbehandelingen.html:http://www.orange-flower.nl/vata.html:http://www.orange-flower.nl/lakshmi-ojas.html:http://www.orange-flower.nl/orange-flower-divine.html:http://www.orange-flower.nl/pdf/lichaamsbehandelingen.pdf:http://www.orange-flower.nl/pdf/schoonheidsbehandelingen.pdf]
lichaamsbehandelingen;33;lichaamsbehandelingen, lichaamsbehandeling;[http://www.orange-flower.nl/lichaamsbehandelingen.html:http://www.orange-flower.nl/combinatiebehandelingen-lichaam.html:http://www.orange-flower.nl/pdf/lichaamsbehandelingen.pdf:http://www.orange-flower.nl/combinatiebehandelingen-schoonheid:http://www.orange-flower.nl/combinatiebehandelingen-schoonheid.html:http://www.orange-flower.nl/ghee-abhyanga.html:http://www.orange-flower.nl/klassieke-massage.html:http://www.orange-flower.nl/navarakizhi.html:http://www.orange-flower.nl/pdf/schoonheidsbehandelingen.pdf:http://www.orange-flower.nl/udvartana.html]
behandelingen;30;behandelingen;[http://www.orange-flower.nl/combinatiebehandelingen-schoonheid:http://www.orange-flower.nl/combinatiebehandelingen-schoonheid.html:http://www.orange-flower.nl/voorwaarden.html:http://www.orange-flower.nl/:http://www.orange-flower.nl/combinatiebehandelingen-lichaam.html:http://www.orange-flower.nl/losse-behandelingen:http://www.orange-flower.nl/losse-behandelingen.html:http://www.orange-flower.nl/pdf/schoonheidsbehandelingen.pdf:http://www.orange-flower.nl/schoonheidsbehandelingen.html:http://www.orange-flower.nl/orange-flower-basic.html]
basic;28;basic;[http://www.orange-flower.nl/combinatiebehandelingen-schoonheid:http://www.orange-flower.nl/combinatiebehandelingen-schoonheid.html:http://www.orange-flower.nl/orange-flower-basic:http://www.orange-flower.nl/orange-flower-basic.html:http://www.orange-flower.nl/pdf/lichaamsbehandelingen.pdf:http://www.orange-flower.nl/pdf/schoonheidsbehandelingen.pdf:http://www.orange-flower.nl/combinatiebehandelingen-lichaam.html:http://www.orange-flower.nl/lakshmi-ojas.html:http://www.orange-flower.nl/losse-behandelingen:http://www.orange-flower.nl/losse-behandelingen.html]
cliënt;27;cliënt;[http://www.orange-flower.nl/voorwaarden.html]
chandan;25;chandan;[http://www.orange-flower.nl/chandan-rugscrub-massage.html:http://www.orange-flower.nl/chandan-lichaamsscrub-massage.html:http://www.orange-flower.nl/combinatiebehandelingen-lichaam.html:http://www.orange-flower.nl/abhyanga-massage.html:http://www.orange-flower.nl/ghee-abhyanga.html:http://www.orange-flower.nl/klassieke-massage.html:http://www.orange-flower.nl/lichaamsbehandelingen.html:http://www.orange-flower.nl/navarakizhi.html:http://www.orange-flower.nl/udvartana.html:http://www.orange-flower.nl/combinatiebehandelingen-schoonheid.html]
combinatiebehandelingen;24;combinatiebehandelingen;[http://www.orange-flower.nl/combinatiebehandelingen-lichaam.html:http://www.orange-flower.nl/combinatiebehandelingen-schoonheid:http://www.orange-flower.nl/combinatiebehandelingen-schoonheid.html:http://www.orange-flower.nl/lichaamsbehandelingen.html:http://www.orange-flower.nl/losse-behandelingen:http://www.orange-flower.nl/losse-behandelingen.html:http://www.orange-flower.nl/navarakizhi.html:http://www.orange-flower.nl/orange-flower-basic:http://www.orange-flower.nl/orange-flower-basic.html:http://www.orange-flower.nl/orange-flower-divine.html]
abhyanga;23;abhyanga;[http://www.orange-flower.nl/ghee-abhyanga.html:http://www.orange-flower.nl/abhyanga-massage.html:http://www.orange-flower.nl/chandan-lichaamsscrub-massage.html:http://www.orange-flower.nl/chandan-rugscrub-massage.html:http://www.orange-flower.nl/combinatiebehandelingen-lichaam.html:http://www.orange-flower.nl/klassieke-massage.html:http://www.orange-flower.nl/lichaamsbehandelingen.html:http://www.orange-flower.nl/navarakizhi.html:http://www.orange-flower.nl/pdf/lichaamsbehandelingen.pdf:http://www.orange-flower.nl/udvartana.html]
gezichtsbehandelingen;21;gezichtsbehandelingen, gezichtsbehandeling;[http://www.orange-flower.nl/schoonheidsbehandelingen.html:http://www.orange-flower.nl/orange-flower-royal.html:http://www.orange-flower.nl/pdf/schoonheidsbehandelingen.pdf:http://www.orange-flower.nl/lakshmi-ojas.html:http://www.orange-flower.nl/hand-voetverzorging.html:http://www.orange-flower.nl/lakshmi-netra.html:http://www.orange-flower.nl/losse-behandelingen:http://www.orange-flower.nl/losse-behandelingen.html:http://www.orange-flower.nl/orange-flower-basic:http://www.orange-flower.nl/orange-flower-basic.html]
hand;20;hand;[http://www.orange-flower.nl/hand-voetverzorging.html:http://www.orange-flower.nl/combinatiebehandelingen-schoonheid:http://www.orange-flower.nl/combinatiebehandelingen-schoonheid.html:http://www.orange-flower.nl/orange-flower-divine.html:http://www.orange-flower.nl/pdf/schoonheidsbehandelingen.pdf:http://www.orange-flower.nl/lakshmi-netra.html:http://www.orange-flower.nl/lakshmi-ojas.html:http://www.orange-flower.nl/losse-behandelingen:http://www.orange-flower.nl/losse-behandelingen.html:http://www.orange-flower.nl/orange-flower-basic.html]
kapha;18;kapha;[http://www.orange-flower.nl/kapha.html:http://www.orange-flower.nl/uw-huidtype.html:http://www.orange-flower.nl/ayurveda.html:http://www.orange-flower.nl/basiselementen.html:http://www.orange-flower.nl/producten.html]
pitta;18;pitta;[http://www.orange-flower.nl/pitta.html:http://www.orange-flower.nl/uw-huidtype.html:http://www.orange-flower.nl/ayurveda.html:http://www.orange-flower.nl/basiselementen.html:http://www.orange-flower.nl/producten.html]
duur;16;duur;[http://www.orange-flower.nl/abhyanga-massage.html:http://www.orange-flower.nl/hand-voetverzorging.html:http://www.orange-flower.nl/klassieke-massage.html:http://www.orange-flower.nl/lakshmi-netra.html:http://www.orange-flower.nl/lakshmi-ojas.html:http://www.orange-flower.nl/navarakizhi.html:http://www.orange-flower.nl/orange-flower-basic:http://www.orange-flower.nl/orange-flower-basic.html:http://www.orange-flower.nl/orange-flower-divine.html:http://www.orange-flower.nl/orange-flower-royal.html]
vata;16;vata;[http://www.orange-flower.nl/vata.html:http://www.orange-flower.nl/uw-huidtype.html:http://www.orange-flower.nl/ayurveda.html:http://www.orange-flower.nl/basiselementen.html:http://www.orange-flower.nl/producten.html]
heerlijke;14;heerlijke, heerlijk;[http://www.orange-flower.nl/orange-flower-divine.html:http://www.orange-flower.nl/pdf/lichaamsbehandelingen.pdf:http://www.orange-flower.nl/ghee-abhyanga.html:http://www.orange-flower.nl/klassieke-massage.html:http://www.orange-flower.nl/lakshmi-netra.html:http://www.orange-flower.nl/lakshmi-ojas.html:http://www.orange-flower.nl/navarakizhi.html:http://www.orange-flower.nl/orange-flower-basic:http://www.orange-flower.nl/orange-flower-basic.html:http://www.orange-flower.nl/udvartana.html]
klassieke;14;klassieke;[http://www.orange-flower.nl/klassieke-massage.html:http://www.orange-flower.nl/lichaamsbehandelingen.html:http://www.orange-flower.nl/pdf/lichaamsbehandelingen.pdf:http://www.orange-flower.nl/abhyanga-massage.html:http://www.orange-flower.nl/chandan-rugscrub-massage.html:http://www.orange-flower.nl/combinatiebehandelingen-lichaam.html:http://www.orange-flower.nl/ghee-abhyanga.html:http://www.orange-flower.nl/navarakizhi.html]
loading;14;loading;[http://www.orange-flower.nl/:http://www.orange-flower.nl/contact.html:http://www.orange-flower.nl/lichaamsbehandelingen.html:http://www.orange-flower.nl/producten.html:http://www.orange-flower.nl/route.html:http://www.orange-flower.nl/schoonheidsbehandelingen.html:http://www.orange-flower.nl/flash/header_v8_1_orangeflower.swf?button=1:http://www.orange-flower.nl/flash/header_v8_orangeflower.swf?button=1]
divine;13;divine;[http://www.orange-flower.nl/orange-flower-divine.html:http://www.orange-flower.nl/combinatiebehandelingen-schoonheid:http://www.orange-flower.nl/hand-voetverzorging.html:http://www.orange-flower.nl/lakshmi-netra.html:http://www.orange-flower.nl/lakshmi-ojas.html:http://www.orange-flower.nl/losse-behandelingen:http://www.orange-flower.nl/orange-flower-basic:http://www.orange-flower.nl/orange-flower-basic.html:http://www.orange-flower.nl/orange-flower-royal.html:http://www.orange-flower.nl/schoonheidsbehandelingen.html]
ghee;13;ghee;[http://www.orange-flower.nl/ghee-abhyanga.html:http://www.orange-flower.nl/pdf/lichaamsbehandelingen.pdf:http://www.orange-flower.nl/abhyanga-massage.html:http://www.orange-flower.nl/chandan-rugscrub-massage.html:http://www.orange-flower.nl/combinatiebehandelingen-lichaam.html:http://www.orange-flower.nl/klassieke-massage.html:http://www.orange-flower.nl/lichaamsbehandelingen.html:http://www.orange-flower.nl/navarakizhi.html:http://www.orange-flower.nl/udvartana.html]
lichaam;13;lichaam;[http://www.orange-flower.nl/basiselementen.html:http://www.orange-flower.nl/pdf/lichaamsbehandelingen.pdf:http://www.orange-flower.nl/udvartana.html:http://www.orange-flower.nl/abhyanga-massage.html:http://www.orange-flower.nl/ghee-abhyanga.html:http://www.orange-flower.nl/klassieke-massage.html:http://www.orange-flower.nl/lichaamsbehandelingen.html]
wenkbrauwen;12;wenkbrauwen;[http://www.orange-flower.nl/losse-behandelingen:http://www.orange-flower.nl/losse-behandelingen.html:http://www.orange-flower.nl/pdf/schoonheidsbehandelingen.pdf]
basiselementen;11;basiselementen;[http://www.orange-flower.nl/ayurveda.html:http://www.orange-flower.nl/basiselementen.html:http://www.orange-flower.nl/kapha.html:http://www.orange-flower.nl/pitta.html:http://www.orange-flower.nl/producten.html:http://www.orange-flower.nl/uw-huidtype.html:http://www.orange-flower.nl/vata.html]
warme;11;warme, warm;[http://www.orange-flower.nl/pdf/lichaamsbehandelingen.pdf:http://www.orange-flower.nl/chandan-rugscrub-massage.html:http://www.orange-flower.nl/udvartana.html:http://www.orange-flower.nl/uw-huidtype.html:http://www.orange-flower.nl/vata.html]
voeding;10;voeding;[http://www.orange-flower.nl/pitta.html:http://www.orange-flower.nl/vata.html:http://www.orange-flower.nl/kapha.html]
voetverzorging;10;voetverzorging;[http://www.orange-flower.nl/hand-voetverzorging.html:http://www.orange-flower.nl/combinatiebehandelingen-schoonheid:http://www.orange-flower.nl/combinatiebehandelingen-schoonheid.html:http://www.orange-flower.nl/pdf/schoonheidsbehandelingen.pdf]
balans;9;balans;[http://www.orange-flower.nl/pitta.html:http://www.orange-flower.nl/producten.html:http://www.orange-flower.nl/ayurveda.html:http://www.orange-flower.nl/kapha.html:http://www.orange-flower.nl/orange-flower-divine.html:http://www.orange-flower.nl/pdf/schoonheidsbehandelingen.pdf:http://www.orange-flower.nl/vata.html]
netra;9;netra;[http://www.orange-flower.nl/lakshmi-netra.html:http://www.orange-flower.nl/combinatiebehandelingen-schoonheid:http://www.orange-flower.nl/combinatiebehandelingen-schoonheid.html:http://www.orange-flower.nl/pdf/schoonheidsbehandelingen.pdf]
schoonheidsbehandelingen;9;schoonheidsbehandelingen;[http://www.orange-flower.nl/losse-behandelingen:http://www.orange-flower.nl/losse-behandelingen.html:http://www.orange-flower.nl/schoonheidsbehandelingen.html]
aarde;8;aarde, aard;[http://www.orange-flower.nl/basiselementen.html:http://www.orange-flower.nl/voorwaarden.html:http://www.orange-flower.nl/kapha.html]
rugscrub;8;rugscrub;[http://www.orange-flower.nl/chandan-rugscrub-massage.html:http://www.orange-flower.nl/combinatiebehandelingen-lichaam.html:http://www.orange-flower.nl/pdf/lichaamsbehandelingen.pdf]
salon;8;salon;[http://www.orange-flower.nl/voorwaarden.html:http://www.orange-flower.nl/]
vuur;8;vuur;[http://www.orange-flower.nl/basiselementen.html:http://www.orange-flower.nl/pitta.html]
dosha;7;dosha, dosha's, doshas;[http://www.orange-flower.nl/basiselementen.html:http://www.orange-flower.nl/ayurveda.html:http://www.orange-flower.nl/schoonheidsbehandelingen.html:http://www.orange-flower.nl/uw-huidtype.html]
gezicht;7;gezicht;[http://www.orange-flower.nl/pdf/schoonheidsbehandelingen.pdf:http://www.orange-flower.nl/combinatiebehandelingen-lichaam.html:http://www.orange-flower.nl/combinatiebehandelingen-schoonheid.html:http://www.orange-flower.nl/losse-behandelingen:http://www.orange-flower.nl/losse-behandelingen.html:http://www.orange-flower.nl/orange-flower-royal.html]
hars;7;hars, harsen;[http://www.orange-flower.nl/pdf/schoonheidsbehandelingen.pdf:http://www.orange-flower.nl/combinatiebehandelingen-lichaam.html:http://www.orange-flower.nl/combinatiebehandelingen-schoonheid:http://www.orange-flower.nl/combinatiebehandelingen-schoonheid.html:http://www.orange-flower.nl/losse-behandelingen:http://www.orange-flower.nl/losse-behandelingen.html]
lichaamsscrub;7;lichaamsscrub;[http://www.orange-flower.nl/chandan-lichaamsscrub-massage.html:http://www.orange-flower.nl/chandan-rugscrub-massage.html:http://www.orange-flower.nl/klassieke-massage.html:http://www.orange-flower.nl/lichaamsbehandelingen.html]
losse;7;losse;[http://www.orange-flower.nl/losse-behandelingen:http://www.orange-flower.nl/losse-behandelingen.html:http://www.orange-flower.nl/combinatiebehandelingen-schoonheid]
ogen;7;ogen;[http://www.orange-flower.nl/lakshmi-netra.html:http://www.orange-flower.nl/pdf/schoonheidsbehandelingen.pdf]
schoonheidsspecialiste;7;schoonheidsspecialiste;[http://www.orange-flower.nl/voorwaarden.html:http://www.orange-flower.nl/voorstellen.html]
afspraak;6;afspraak, afspraken;[http://www.orange-flower.nl/voorwaarden.html]
bovenlip;6;bovenlip;[http://www.orange-flower.nl/losse-behandelingen:http://www.orange-flower.nl/losse-behandelingen.html:http://www.orange-flower.nl/pdf/schoonheidsbehandelingen.pdf]
doorbloeding;6;doorbloeding;[http://www.orange-flower.nl/klassieke-massage.html:http://www.orange-flower.nl/lakshmi-ojas.html:http://www.orange-flower.nl/orange-flower-basic:http://www.orange-flower.nl/orange-flower-basic.html:http://www.orange-flower.nl/orange-flower-divine.html:http://www.orange-flower.nl/orange-flower-royal.html]
energie;6;energie, energieën;[http://www.orange-flower.nl/basiselementen.html:http://www.orange-flower.nl/ayurveda.html:http://www.orange-flower.nl/udvartana.html]
kin;6;kin;[http://www.orange-flower.nl/losse-behandelingen:http://www.orange-flower.nl/losse-behandelingen.html:http://www.orange-flower.nl/pdf/schoonheidsbehandelingen.pdf]
poriën;6;poriën;[http://www.orange-flower.nl/uw-huidtype.html:http://www.orange-flower.nl/kapha.html]
verven;6;verven;[http://www.orange-flower.nl/losse-behandelingen:http://www.orange-flower.nl/losse-behandelingen.html:http://www.orange-flower.nl/pdf/schoonheidsbehandelingen.pdf]
water;6;water;[http://www.orange-flower.nl/basiselementen.html]
wimpers;6;wimpers;[http://www.orange-flower.nl/losse-behandelingen:http://www.orange-flower.nl/losse-behandelingen.html:http://www.orange-flower.nl/pdf/schoonheidsbehandelingen.pdf]
afgesproken;5;afgesproken;[http://www.orange-flower.nl/voorwaarden.html]
chāndan;5;chāndan;[http://www.orange-flower.nl/pdf/lichaamsbehandelingen.pdf:http://www.orange-flower.nl/chandan-lichaamsscrub-massage.html]
deelbehandelingen;5;deelbehandelingen;[http://www.orange-flower.nl/combinatiebehandelingen-lichaam.html:http://www.orange-flower.nl/combinatiebehandelingen-schoonheid:http://www.orange-flower.nl/combinatiebehandelingen-schoonheid.html:http://www.orange-flower.nl/losse-behandelingen:http://www.orange-flower.nl/losse-behandelingen.html]
gevoelig;5;gevoelig, gevoelige;[http://www.orange-flower.nl/uw-huidtype.html:http://www.orange-flower.nl/pitta.html]
knippen;5;knippen;[http://www.orange-flower.nl/hand-voetverzorging.html:http://www.orange-flower.nl/combinatiebehandelingen-lichaam.html:http://www.orange-flower.nl/combinatiebehandelingen-schoonheid:http://www.orange-flower.nl/combinatiebehandelingen-schoonheid.html]
lucht;5;lucht;[http://www.orange-flower.nl/basiselementen.html]
olie;5;olie;[http://www.orange-flower.nl/vata.html:http://www.orange-flower.nl/pdf/lichaamsbehandelingen.pdf]
vette;5;vette, vet;[http://www.orange-flower.nl/kapha.html:http://www.orange-flower.nl/uw-huidtype.html]
aanleg;4;aanleg;[http://www.orange-flower.nl/kapha.html:http://www.orange-flower.nl/pitta.html:http://www.orange-flower.nl/vata.html]
afsluitende;4;afsluitende, afsluitend;[http://www.orange-flower.nl/orange-flower-basic:http://www.orange-flower.nl/orange-flower-basic.html:http://www.orange-flower.nl/orange-flower-divine.html:http://www.orange-flower.nl/orange-flower-royal.html]
claessens;4;claessens;[http://www.orange-flower.nl/:http://www.orange-flower.nl/contact.html:http://www.orange-flower.nl/route.html:http://www.orange-flower.nl/voorstellen.html]
dode;4;dode;[http://www.orange-flower.nl/chandan-lichaamsscrub-massage.html:http://www.orange-flower.nl/pdf/lichaamsbehandelingen.pdf]
droge;4;droge, droog;[http://www.orange-flower.nl/vata.html:http://www.orange-flower.nl/uw-huidtype.html]
elementen;4;elementen;[http://www.orange-flower.nl/ayurveda.html:http://www.orange-flower.nl/basiselementen.html]
ether;4;ether;[http://www.orange-flower.nl/basiselementen.html]
gezichts;4;gezichts;[http://www.orange-flower.nl/combinatiebehandelingen-schoonheid:http://www.orange-flower.nl/combinatiebehandelingen-lichaam.html:http://www.orange-flower.nl/combinatiebehandelingen-schoonheid.html]
gezichtsmassage;4;gezichtsmassage;[http://www.orange-flower.nl/lakshmi-ojas.html:http://www.orange-flower.nl/orange-flower-basic:http://www.orange-flower.nl/orange-flower-basic.html:http://www.orange-flower.nl/orange-flower-royal.html]
handpakking;4;handpakking;[http://www.orange-flower.nl/combinatiebehandelingen-lichaam.html:http://www.orange-flower.nl/combinatiebehandelingen-schoonheid:http://www.orange-flower.nl/combinatiebehandelingen-schoonheid.html:http://www.orange-flower.nl/hand-voetverzorging.html]
klacht;4;klacht, klachten;[http://www.orange-flower.nl/voorwaarden.html:http://www.orange-flower.nl/lichaamsbehandelingen.html]
koud;4;koud, koude;[http://www.orange-flower.nl/kapha.html:http://www.orange-flower.nl/vata.html]
kruidenthee;4;kruidenthee;[http://www.orange-flower.nl/abhyanga-massage.html:http://www.orange-flower.nl/chandan-rugscrub-massage.html:http://www.orange-flower.nl/ghee-abhyanga.html:http://www.orange-flower.nl/klassieke-massage.html]
nagels;4;nagels;[http://www.orange-flower.nl/hand-voetverzorging.html]
navarakizhi;4;navarakizhi;[http://www.orange-flower.nl/navarakizhi.html:http://www.orange-flower.nl/chandan-rugscrub-massage.html]
opleiding;4;opleiding;[http://www.orange-flower.nl/voorstellen.html]
orangeflower;4;orangeflower;[http://www.orange-flower.nl/pdf/lichaamsbehandelingen.pdf:http://www.orange-flower.nl/pdf/schoonheidsbehandelingen.pdf]
rust;4;rust;[http://www.orange-flower.nl/:http://www.orange-flower.nl/voorstellen.html]
schriftelijk;4;schriftelijk, schriftelijke;[http://www.orange-flower.nl/voorwaarden.html]
vertrouwelijke;4;vertrouwelijke, vertrouwelijk;[http://www.orange-flower.nl/voorwaarden.html]
aansprakelijk;3;aansprakelijk, aansprakelijkheid;[http://www.orange-flower.nl/voorwaarden.html]
afvalstoffen;3;afvalstoffen;[http://www.orange-flower.nl/chandan-lichaamsscrub-massage.html:http://www.orange-flower.nl/klassieke-massage.html:http://www.orange-flower.nl/udvartana.html]
aromatherapie;3;aromatherapie;[http://www.orange-flower.nl/:http://www.orange-flower.nl/producten.html:http://www.orange-flower.nl/schoonheidsbehandelingen.html]
basisbehandeling;3;basisbehandeling;[http://www.orange-flower.nl/orange-flower-basic:http://www.orange-flower.nl/orange-flower-basic.html:http://www.orange-flower.nl/pdf/schoonheidsbehandelingen.pdf]
behouden;3;behouden;[http://www.orange-flower.nl/kapha.html:http://www.orange-flower.nl/pitta.html:http://www.orange-flower.nl/vata.html]
berekenen;3;berekenen;[http://www.orange-flower.nl/voorwaarden.html]
besteden;3;besteden, besteed;[http://www.orange-flower.nl/pdf/lichaamsbehandelingen.pdf:http://www.orange-flower.nl/abhyanga-massage.html]
bijgekomen;3;bijgekomen;[http://www.orange-flower.nl/ghee-abhyanga.html:http://www.orange-flower.nl/navarakizhi.html:http://www.orange-flower.nl/orange-flower-divine.html]
bovenbenen;3;bovenbenen;[http://www.orange-flower.nl/losse-behandelingen:http://www.orange-flower.nl/losse-behandelingen.html:http://www.orange-flower.nl/pdf/schoonheidsbehandelingen.pdf]
dagverzorging;3;dagverzorging;[http://www.orange-flower.nl/orange-flower-basic:http://www.orange-flower.nl/orange-flower-basic.html:http://www.orange-flower.nl/orange-flower-divine.html]
diefstal;3;diefstal;[http://www.orange-flower.nl/voorwaarden.html]
doch;3;doch;[http://www.orange-flower.nl/voorwaarden.html]
dranken;3;dranken;[http://www.orange-flower.nl/vata.html]
epileren;3;epileren;[http://www.orange-flower.nl/losse-behandelingen:http://www.orange-flower.nl/losse-behandelingen.html:http://www.orange-flower.nl/orange-flower-royal.html]
frisse;3;frisse, frisheid;[http://www.orange-flower.nl/:http://www.orange-flower.nl/lakshmi-netra.html:http://www.orange-flower.nl/schoonheidsbehandelingen.html]
gecombineerd;3;gecombineerd;[http://www.orange-flower.nl/combinatiebehandelingen-lichaam.html:http://www.orange-flower.nl/combinatiebehandelingen-schoonheid:http://www.orange-flower.nl/combinatiebehandelingen-schoonheid.html]
gedrag;3;gedrag, gedragen;[http://www.orange-flower.nl/voorwaarden.html]
geest;3;geest;[http://www.orange-flower.nl/abhyanga-massage.html:http://www.orange-flower.nl/lichaamsbehandelingen.html:http://www.orange-flower.nl/udvartana.html]
geheimhouding;3;geheimhouding;[http://www.orange-flower.nl/voorwaarden.html]
grondige;3;grondige, grondig;[http://www.orange-flower.nl/navarakizhi.html:http://www.orange-flower.nl/orange-flower-basic:http://www.orange-flower.nl/orange-flower-basic.html]
honorarium;3;honorarium;[http://www.orange-flower.nl/voorwaarden.html]
hoofdmassage;3;hoofdmassage;[http://www.orange-flower.nl/combinatiebehandelingen-lichaam.html:http://www.orange-flower.nl/combinatiebehandelingen-schoonheid:http://www.orange-flower.nl/combinatiebehandelingen-schoonheid.html]
innerlijke;3;innerlijke, innerlijk;[http://www.orange-flower.nl/]
klager;3;klager;[http://www.orange-flower.nl/voorwaarden.html]
leer;3;leer;[http://www.orange-flower.nl/ayurveda.html]
lichaamsbeweging;3;lichaamsbeweging;[http://www.orange-flower.nl/kapha.html]
lichaamsmassage;3;lichaamsmassage;[http://www.orange-flower.nl/pdf/lichaamsbehandelingen.pdf:http://www.orange-flower.nl/abhyanga-massage.html]
melden;3;melden, meldt;[http://www.orange-flower.nl/voorwaarden.html]
natuurlijke;3;natuurlijke;[http://www.orange-flower.nl/producten.html]
ojas;3;ojas;[http://www.orange-flower.nl/lakshmi-ojas.html]
royal;3;royal;[http://www.orange-flower.nl/orange-flower-royal.html]
spoedig;3;spoedig;[http://www.orange-flower.nl/voorwaarden.html]
types;3;types;[http://www.orange-flower.nl/ayurveda.html]
udvartana;3;udvartana;[http://www.orange-flower.nl/udvartana.html]
vertegenwoordigt;3;vertegenwoordigt, vertegenwoordigd;[http://www.orange-flower.nl/basiselementen.html]
zwaar;3;zwaar;[http://www.orange-flower.nl/kapha.html]
aanbiedt;2;aanbiedt;[http://www.orange-flower.nl/losse-behandelingen:http://www.orange-flower.nl/losse-behandelingen.html]
abyanga;2;abyanga;[http://www.orange-flower.nl/abhyanga-massage.html:http://www.orange-flower.nl/pdf/lichaamsbehandelingen.pdf]
adstringerend;2;adstringerend;[http://www.orange-flower.nl/pitta.html:http://www.orange-flower.nl/vata.html]
afdoen;2;afdoen;[http://www.orange-flower.nl/chandan-lichaamsscrub-massage.html:http://www.orange-flower.nl/pdf/lichaamsbehandelingen.pdf]
afgestemd;2;afgestemd;[http://www.orange-flower.nl/orange-flower-royal.html:http://www.orange-flower.nl/schoonheidsbehandelingen.html]
behandeld;2;behandeld;[http://www.orange-flower.nl/orange-flower-divine.html:http://www.orange-flower.nl/orange-flower-royal.html]
bio;2;bio;[http://www.orange-flower.nl/producten.html]
biologisch;2;biologisch, biologische;[http://www.orange-flower.nl/:http://www.orange-flower.nl/producten.html]
bloemen;2;bloemen;[http://www.orange-flower.nl/producten.html:http://www.orange-flower.nl/schoonheidsbehandelingen.html]
cellulitis;2;cellulitis;[http://www.orange-flower.nl/chandan-lichaamsscrub-massage.html:http://www.orange-flower.nl/kapha.html]
constitutie;2;constitutie;[http://www.orange-flower.nl/schoonheidsbehandelingen.html:http://www.orange-flower.nl/voorstellen.html]
cosmetica;2;cosmetica;[http://www.orange-flower.nl/producten.html]
crème;2;crème;[http://www.orange-flower.nl/lakshmi-netra.html:http://www.orange-flower.nl/orange-flower-divine.html]
dagcrème;2;dagcrème;[http://www.orange-flower.nl/lakshmi-ojas.html:http://www.orange-flower.nl/orange-flower-royal.html]
diep;2;diep;[http://www.orange-flower.nl/:http://www.orange-flower.nl/kapha.html]
dieptereiniging;2;dieptereiniging;[http://www.orange-flower.nl/lakshmi-ojas.html]
dominante;2;dominante, dominanten;[http://www.orange-flower.nl/uw-huidtype.html]
ecologisch;2;ecologisch, ecologische;[http://www.orange-flower.nl/producten.html]
gekruide;2;gekruide;[http://www.orange-flower.nl/pitta.html]
gemasseerd;2;gemasseerd;[http://www.orange-flower.nl/chandan-rugscrub-massage.html]
geniet;2;geniet;[http://www.orange-flower.nl/orange-flower-basic:http://www.orange-flower.nl/orange-flower-basic.html]
gevolgd;2;gevolgd;[http://www.orange-flower.nl/hand-voetverzorging.html:http://www.orange-flower.nl/lakshmi-ojas.html]
gezichtshuid;2;gezichtshuid;[http://www.orange-flower.nl/orange-flower-basic:http://www.orange-flower.nl/orange-flower-basic.html]
gezichtskompressen;2;gezichtskompressen;[http://www.orange-flower.nl/orange-flower-basic:http://www.orange-flower.nl/orange-flower-basic.html]
gezondheidszorg;2;gezondheidszorg;[http://www.orange-flower.nl/voorstellen.html]
harsbehandelingen;2;harsbehandelingen;[http://www.orange-flower.nl/losse-behandelingen:http://www.orange-flower.nl/losse-behandelingen.html]
hersteld;2;hersteld, herstellen;[http://www.orange-flower.nl/lakshmi-ojas.html]
hoofdhuidmassage;2;hoofdhuidmassage;[http://www.orange-flower.nl/orange-flower-basic:http://www.orange-flower.nl/orange-flower-basic.html]
huidanalyse;2;huidanalyse;[http://www.orange-flower.nl/orange-flower-basic:http://www.orange-flower.nl/orange-flower-basic.html]
huidtype;2;huidtype;[http://www.orange-flower.nl/orange-flower-royal.html]
indiase;2;indiase;[http://www.orange-flower.nl/ghee-abhyanga.html:http://www.orange-flower.nl/navarakizhi.html]
ingeschreven;2;ingeschreven;[http://www.orange-flower.nl/contact.html:http://www.orange-flower.nl/route.html]
kamer;2;kamer;[http://www.orange-flower.nl/contact.html:http://www.orange-flower.nl/route.html]
karin;2;karin;[http://www.orange-flower.nl/contact.html:http://www.orange-flower.nl/route.html]
kenmerken;2;kenmerken;[http://www.orange-flower.nl/uw-huidtype.html]
kennis;2;kennis;[http://www.orange-flower.nl/voorstellen.html]
keurmerk;2;keurmerk;[http://www.orange-flower.nl/producten.html]
koophandel;2;koophandel;[http://www.orange-flower.nl/contact.html:http://www.orange-flower.nl/route.html]
kruidenolie;2;kruidenolie;[http://www.orange-flower.nl/combinatiebehandelingen-schoonheid:http://www.orange-flower.nl/combinatiebehandelingen-schoonheid.html]
loverendale;2;loverendale;[http://www.orange-flower.nl/contact.html:http://www.orange-flower.nl/route.html]
marma's;2;marma's;[http://www.orange-flower.nl/pdf/lichaamsbehandelingen.pdf]
masker;2;masker;[http://www.orange-flower.nl/orange-flower-divine.html]
menselijk;2;menselijk;[http://www.orange-flower.nl/basiselementen.html]
middelwarm;2;middelwarm, middelwarme;[http://www.orange-flower.nl/pitta.html]
mobiel;2;mobiel;[http://www.orange-flower.nl/contact.html:http://www.orange-flower.nl/route.html]
oliën;2;oliën;[http://www.orange-flower.nl/schoonheidsbehandelingen.html]
overgewicht;2;overgewicht;[http://www.orange-flower.nl/kapha.html]
overheersen;2;overheersen;[http://www.orange-flower.nl/ayurveda.html]
persoonlijkheden;2;persoonlijkheden, persoonlijkheid;[http://www.orange-flower.nl/ayurveda.html]
reguliere;2;reguliere;[http://www.orange-flower.nl/voorstellen.html]
reinigen;2;reinigen, reinigt;[http://www.orange-flower.nl/pdf/lichaamsbehandelingen.pdf]
reinigende;2;reinigende;[http://www.orange-flower.nl/pdf/lichaamsbehandelingen.pdf]
rimpels;2;rimpels;[http://www.orange-flower.nl/uw-huidtype.html]
schoonheid;2;schoonheid;[http://www.orange-flower.nl/voorstellen.html]
sesamolie;2;sesamolie;[http://www.orange-flower.nl/pdf/lichaamsbehandelingen.pdf]
stabiliteit;2;stabiliteit;[http://www.orange-flower.nl/basiselementen.html]
symbool;2;symbool;[http://www.orange-flower.nl/basiselementen.html]
talgproductie;2;talgproductie;[http://www.orange-flower.nl/kapha.html]
vermoeide;2;vermoeide, vermoeidheid;[http://www.orange-flower.nl/lakshmi-netra.html]
verwijderd;2;verwijderd;[http://www.orange-flower.nl/chandan-rugscrub-massage.html]
verzorgende;2;verzorgende;[http://www.orange-flower.nl/hand-voetverzorging.html]
vijlen;2;vijlen;[http://www.orange-flower.nl/hand-voetverzorging.html]
vloeibaar;2;vloeibaar, vloeibare;[http://www.orange-flower.nl/basiselementen.html]
vochtarm;2;vochtarm;[http://www.orange-flower.nl/uw-huidtype.html]
volg;2;volg;[http://www.orange-flower.nl/contact.html:http://www.orange-flower.nl/route.html]
volgde;2;volgde;[http://www.orange-flower.nl/voorstellen.html]
warmte;2;warmte;[http://www.orange-flower.nl/pitta.html]
zure;2;zure, zuur;[http://www.orange-flower.nl/pitta.html]
zuurgraad;2;zuurgraad;[http://www.orange-flower.nl/lakshmi-ojas.html]
aangebracht;1;aangebracht;[http://www.orange-flower.nl/lakshmi-netra.html]
aanraking;1;aanraking;[http://www.orange-flower.nl/voorstellen.html]
aanwezigheid;1;aanwezigheid;[http://www.orange-flower.nl/basiselementen.html]
acne;1;acne;[http://www.orange-flower.nl/uw-huidtype.html]
activiteit;1;activiteit;[http://www.orange-flower.nl/pitta.html]
activiteitenbegeleidster;1;activiteitenbegeleidster;[http://www.orange-flower.nl/voorstellen.html]
afgedreven;1;afgedreven;[http://www.orange-flower.nl/udvartana.html]
afgenomen;1;afgenomen;[http://www.orange-flower.nl/udvartana.html]
afgesloten;1;afgesloten;[http://www.orange-flower.nl/pdf/lichaamsbehandelingen.pdf]
afscheid;1;afscheid;[http://www.orange-flower.nl/voorstellen.html]
afsluiting;1;afsluiting;[http://www.orange-flower.nl/lakshmi-ojas.html]
afvoer;1;afvoer;[http://www.orange-flower.nl/chandan-lichaamsscrub-massage.html]
